account,amount
GAY2ONYLH5SIEIZLSS3TGU7HLUAGBBDRGE4JTUADE5NKB6P42JJA7HDU,1000
GASAHU222CSJZ5L5LRXB62UCYB7NPMV6P4HTYRCVLLEYOXA5GY5YCUER,1000
GD4CGXUSI2QYP3ZVL6ANNYQNUG47QGNX74ZAQSHHRBRZXAHTWQMNMOUK,1000
GCRCRYPRSVFMLJDKLREO6GOBTCERKDIYWZMPIKSHTC4XZIQTSXV3TRNE,1000
GBHDWYNA3FZ6EUUHFAH55D3QMLHNBSHOYWE44UKQ2E4IK2RGL5WLTBUY,1000
GDFHSD2GYT7HTJFWYFCEGSJOLHZHM6ALT2CK7VFWYBDE3C4QQYTAL7IC,1000
GDBWWO2SHWZYIDTT2B6KF3KZLG3OM43CHQKDVGILUFCDFQWW2QAYEXP5,1000
GAJXPJNPV6YZQ65SPJJEYHHNORYFZVYLPGQUBAZ7HHIIV7DQEJQQNSOM,1000
GAUQMDKVRG4FFZRIKHMOXJ2UIUVRFK27UQ6H3KEATNTPQ2H3RTH25LY7,1000
GAU3SRAD3HENLAZOGS4TJSBAJYP4SEXEDNKP63BLS43LCHZJNIN4NUIS,1000
GCBAAGTAULNT2VSCMLQKWYGNPN2JF6A57PQY5HWXFQIYPXG42TNH34NR,1000
GBXYXDFBCPNJBKXJIM3BVUYS4MYCR2QTNXQX5JXZCPBYKWB27NMAYKIR,1000
GAYLD7Y2H6QXM5ZKGV26TQPEZKXOD7LT72PINXXWBRLB25I3S7F6HZJI,1000
GD3NZHUR23ZXCMJ7SLHAHMADQ7QLKOOF7XDPGMZRG4YI5BGFBCGY5B2C,1000
GCWEJSPZ7VORTHVOXVLCAR3SVLC3UJZDFVOLD2RMYW6X6EQAOXCB6ALN,1000
GDC4RG6AOJDQVX24Z73TBFBXSSQODJ64FSM63BQ6BOXDQI7VGUAD3TEO,1000
GDR52E5E4SOYZ6P5753EX34L7SW5JHTAM5T3CHD6QQSDGIZUQLDK2H43,1000
GASW2YJDCM77L5ROKU5PAYWIZTBTP44AFX3T4BZJ2JKWNVNRRQDVYS5G,1000
GC7TOMKRL25MTQJL36BXBOCR54N5I62EJDCAFZW4MR7FRG7J6G5BVRAX,1000
GACVWDM7DEUQDOKAHZGI75BSAFHZ44K72L2Y5I6EKFEEMBDJ2VYG27CA,1000
GCNRSPRDZ5GPEGBIQH4CRKAHLEPOEDBCVKZGQHKYQ26T5Z6TLRUOOKLX,1000
GDQ2LES2QCW6ZYIPGRCL36NKEW3TZFEETICVKKFKE3IP4JSGTFMOAVYN,1000
GC3EVZCQ5SD24FPZZBWT2D2G54UNULPCWYHAV5VOYKGLQQI72UONU7IR,1000
GC5EJCXZOAGWGLAPN7BZNHUAQTQJOR7LEO2ACJEMZ63ZWA726I7GHR53,1000
GALRTGGMJKGX5YP3DDRRKLAGC6MSE7HCEJS7VWKCTCBDH5W22TSBRJLZ,1000
GASA5LUEEKHIGD27L55CD554R6KYTXTOGOOJUSPNMUMVG2MLJVTYOMQV,1000
GB4VMFVPGAMG2D6LIZTVPQTZWZYPTXA2XO4EOZO2RPXRSN7OHQ2WCPP5,1000
GBMI6OTAMOBGP37NYIJZZ4DAW374QZD5BKS2754TPTNV6INCHTBD4QX2,1000
GCOLUKBW3XKIFQCBUMYNWUSHIIEDL4ZKFWVJHWIXLBQKIWKN5TBWZQ4Q,1000
GDAQCNI4JFQKHWDUPJ2OMMORPXDWVNSPQXOZU3NX6M3DJFAQSKR4DNY2,1000
GA3EDPINRXO6XNIKOTPNC254GAPVDB2B77UBFEICWJRLDOGNAJGGPV26,1000
GDQXTW2DAQ3UYEBUOIYU4NE3E5PA3SUNZHXOHTVMU5BAT4HDGLBDRIDE,1000
GD3CEYSDY7M3QOABT76RAI2PKOGPVCBURK2E4TD5DNWPL3OUW2YNMGLD,1000
GAGTBTR52QNMFJEIIBRI7OMLMHP7BQDVIX7RG2DHZDXRA7VSWMNWVJ6F,1000
GCPVNX4MDOFPBJEML2AZAM2WPGOC2WP2E2KSAFCSRZQ2TWB23TWOZDPI,1000
GBJVFNHCXF5Y6CUUZELAVNKISAZJYHRWFEMH6MTBSWBYSWZ35KQL5K6O,1000
GCDJKYTVZ5A4VB4NGJGN6CHNE2GSRGKJK5X7XNOXKDGRSD5DFY3NABPM,1000
GBDSFDDDXGSVL6VFBVYM5SCD6VWWRJ6MDJ6A46FC22EYWCYCTQDICFYU,1000
GCAZU5GZSWNCQKR3ZC4LYURRRD75KXGQTL74MB7DMCZFVUFFJOIN5HZN,1000
GAP4VHD4Q2TJ2VVHJOU3ZFCVCVZOXN77AIYXI363FQZLZ4Y2OKEI736R,1000
GDGIC3B5RDWP6AOJONTMKN5RMRUHAF3XNJRGWLY3LJUEGEAPLX6Q53NV,1000
GAQXDVWD6HGXRKKDUO4ICDSZ4MBMJQZ3FI7SEA66MZABSTIORGV6YMAK,1000
GBGDEWO2W5F25SRKNGVP66YQWNOXJTWH6Y63ULBI747HCLYM47KQFS4I,1000
GCL73EDUWX4VQMTPYVXNH34OPF7JOUV5ZQDAHDUO6WV6DYQ4WDRNTI5E,1000
GAAWE5UXYZRUCSVVQICH4XQ7GEKNQQ43IROB53WH3AF4KUU6HSL5D5GP,1000
GAFPSPWMDLM6ZAO5SBE36WZZE53EBS63IX2FTNPSMGATYGFKE4KTDPKY,1000
GB5I6K2HB6CQJGI2POI2SEYRR4CVNMFWZEWMQ37BLKLZJ6S5JUAEWJTU,1000
GCICSVD4QICNW7S3ZFCHHWMOKD7JNNELZBFZWDW5G7DJVQLHNPFELVBO,1000
GAS5ZLEXG2F5YG2AQFG7VKNEZHNAOUBKCWOPTRZLJWXRZTICV6QGNU5L,1000
GCDAS3XHXTOOJHDUM3IBYDRCRWFVUOW2WBYN22DG7RPBENUTLEDJGV26,1000
GBFFSXQOGBDKHEVYU5IIMZNGS5DV65V4PZOYR7MDIT25JGP5T3AVNT6J,1000
GCEKRFTSL2647YCZJZLJ5KAPMDDP4756BV4ITSW3AGJISJKVDSZPALNX,1000
GC2D7MYMRETRCFL4YI4MS6IXYFPA32HMU6VOE325HXGB4S3NN6SOULMF,1000
GDEQNT46NVRKJJNG7WBCSHJ2EM3EUDLFHRO43VYRRAGRFZR2DFBCIRZW,1000
GAI4QZRRXJ3YVH54GV5LQANKCUQOQY36WKVJBBT76I4P22BWVQZRNFTP,1000
GBLGSIIYOESO7L2XX6WUXFU7ZCNGX5YM2Z6EYVDZ3UL7QBG6XIKZLVON,1000
GCBVUR3PCKF4O3B2YPLWXQQVNBUYYJOYHGEVLTAUHEECPBYPJSE6FYJ7,1000
GAWWMK5IHIKD6DJ62NLOHPOBVL3YI62CP4JCW2RBO3VPDN4HVICO7DE7,1000
GC7DGJBT3P2HNTGP76CD6IBCCZCTNQGNXV6WXJHF2TY6KDFZKWWJSM4C,1000
GATPAQY66GFLEEDQKE323KXKZNCPY2REWBGQKAUERZDBT5YF5AZZHIBB,1000
GCUHGEWEQEE53YADYT6PZD3CNK7UVKKBEP4OUDNJ6XTHOSCWNLRRTI5F,1000
GC7KFCIMNYRZ3N7NJAJ4FEIWZJ5XXUAHGMI3T2IM3PUWHP7COZLJY5RX,1000
GD67B22OAJOLUGJUOHAALLPZJOVIKFHCEA6AFPSG4TUVE6B6RT2JAHIW,1000
GCQUND2UYGVB5GGOOIQKVEUTJJC33VP3ERLICRGJD3ZSYBE7GRCR5X4B,1000
GBZVJFUVBC5PRQ4AM2IET6A27VRXE3PIW4AHCG5B2XQRMWG6CPL2MCFH,1000
GAB3YEPUNA24VJ2ZCK26DFSOW2FNFGES7ZFWZ2PFRXJXFV2WHVJS3LAU,1000
GCE7PDCPA3TM3J2HWH3SZMCVIU5AURYNNC3Y2JKEN5NQ4YOMCF3IRTAR,1000
GD5MN2MIYG5IKT4B4XFCFEJ56CPEJPWCMCYDYKQAGSEXJ3ZFEXX6A6S4,1000
GALJXTCXKMSDO47OR3WKN6OLY3CNKABDJLVWNTMO4KZKA5DCRTZP24HR,1000
GD6XA3ZTW7VKTQIRTAFF2MZDDYLKLB3NJKSHMXHIMQRBHX2SE23D47O2,1000
GCAFWDFWCKN7A73NG5JZOIVWBAKKQTDZVZU7JCMK77Z3BHUP2CUDR77U,1000
GDR3QE2YCRX4VCD5ZSHIZLE5MPBTZDNFAANYQLPT5W4QQY6HLWDJHO4E,1000
GAXUTHIVVOXGJWHNFXRCXNLN44VXNERX42NC6NCHXPGMGH6XCPKINZP5,1000
GAXC55OM4EC6BNEZOLIOG5J3MWIPOAM26QILCXNRNJJWNKJHLFEODJAC,1000
GAVXU3XAW65AGY7XKO5N7G5O3ROLP4UPYFBVMUDVQR6TC3RNLYVW57W3,1000
GDQ4AT2IMSBIXDNAK3PQ5DU5K5IGEYKPZJVTWDHGEIOD2ASUAH5XEMAK,1000
GAHAOPSYK2K6QBJIS7LOQLRHS5WPS5HSK3VA7B5LDRKI4CQJP5W37XAR,1000
GB27WF77QC32SF4FZF3CRJ6WUX6EL5NPKOCZLZNHWGWQXG7VVYDSRJME,1000
GCN2V2AAKHCOP55CYCFMLOL3L3C6XXTHXVEK4FAZWX2KE5OL664ISET6,1000
GC6GO2V6TS574HWXVBISIDSJ5HMJYV6M6QJMEALHKLH52RSTHYNNF653,1000
GBW5OZQZZHGSNIGO7BOJ6MHJUJEE3BMN57CP46UD546AYTVHRE5AYB7W,1000
GDXPH4EU3SF3LJ3QQNLB5QZQK2W5V52LD2QDWDZCLGZO6FJHATT2LYJJ,1000
GBMWLCJGXZ6IFX2XCAHQI3HLXUHMHSWSH53FRGTPCOOQXMESBBBXKUZE,1000
GD6FMYQCNTCHKY4DNTZWD77CQOD2KCR37JV6INJ476AUPTFQZMNQWTRW,1000
GDPALTGKKLR3L4VSVQJ7OKTLHSZAZM6A3UTXRUSZUJJMW2NS3RHIMSPY,1000
GASCVA7GYPBRH33MT54XAPWGCZNIC2EOGQSN7YSMGBCHRSOVFERTW5ZK,1000
GAS63NAVXSV6QFOTDLVQOVO5DMOR5ZWDHO6VIKK7S7N7YXBZFBQKW2O6,1000
GDJXSSME2W64ZY5MP27JCI5K34GGMOU2TP62AL462FYKDCBJDKF6YOI2,1000
GBPXY6XCBRTGRUBLMQBYEQPKS3OWHLUMJ2QNEMJ4HVMO5ZZZKFPHX4IP,1000
GB3P6WXKENAR7VVO3HCLAJNQ5QAL76NQLCXUIJHMIDS45T2WIE4XHUBP,1000
GDBWEV2IFZENLQSVZNLWGVBGLTUEDGN4EXUSPLJLHLZQU5JFDQN4MBFA,1000
GDBA6UDB5EFNK5OEFZ24UEGBX3JU56MWEYCNCALJ5NPGNVJD26REJWZK,1000
GC6TLDIKV27NJGG2XM4QFTQEG5TWALDBNXNKK7TUOQEKRSNHYDJTG7BK,1000
GC4ROXWUZTGFCNP6MRGTIOTSRMU7U62FHYLJB6BVN5I2TFSUNGQL6ATO,1000
GDONAFB4L3XHPFNT36U7YWBISFMR6GBAKLTGUTFOBCCOVT6QIYTMIX7Y,1000
GAEFFCOXBZ2YXMN426E2XLEFQ4AXXB3X5VVBSXULMZEUEDACFUCBJCCX,1000
GAJN7OHS325RSKOXITHQF6PGFAF5A2FSSITYCL7IJTISTUFIK3BJUFQW,1000
GD6HQDGXMPWNKDOVHVFNPIEBY3HAF6XGG74GV3LUNMR5RCFGDU4DR6YX,1000
GAFMV5KIMG5GY2TPE3YPCOFA67EOD3NHLO4YWNSYFHC3MJPBNGFP4P6Y,1000
GDUGBWDQLKP26L5GRAYFILPDR6D5ZZBOCVX3OCAVDSGHKUUVZFLB5NFQ,1000
GAQQQTHE3NWVPJSI4LAIV7V5UCGHWAGVQY3CB7V2G66D436U6FG6BO2G,1000
GAIGVAI22Q544SYGVUBL7MRP7VRJWIIXMXZCP2WVGB7ZJVNXR773NRHI,1000
GAOAB33HSCILSZBUEHSCRJ2V2H4YVKBZTLOGPXSFNSHOAWEXOFHS2BD2,1000