account,deadline
GDBGVWLC54EM7EXJU4Z4QSOIGUYTI2FABRJURFBHKRDFEZJ5I5H5CPH2,0
GBB2XVN5ZRPSY62SBJFMLM3TEWGPND4DUMPDELXCUXHILCVSWA3O53P6,0
GBJMHB7HQWA2CAEUHAFWFRMD2PJXZ5AIYNFMFF23OVS4DEFERLRZ5YPY,0
GBIHGGHMOBAOQ46Z25V64ZFYDXBOBNEO3AKZ24AJY3IVJC6UZQKK5AUX,0
GDN3Q4JUBAR53GXFZ4RYDXBASPH37Q24QV2X6M4YMLSVGH2UPP7FUQZE,0
GBWCFGPEOATHS2O3WRBSX3JY7GB5LFYPLWF6ZVY6WLROZW4GVLJVT3JA,0
GCUZPQMYU2P7GRJBYDTXS54IYYU5U4AU7WKZWZMXFBFUH7WI22KUQ75X,0
GBHAZGAJ7QBY3HLDW6DHPIIFF7TKBBIJCBO6FVQMFJQKSP53VVSRYVYD,0
GAGC6ECHKWA366UWIUKTWAK2WAUWZLI5ZGGY65AXWIB3UN3A2QQVDLZD,0
GCMQHYWQ5TJWADUHN2TMSSXQ2ZBWFTJDVOTJULCMLCSTUTSMUOUYIAS5,0
GBPRAYMOQTDYXE7OFJMPAOXW3B3SPPUDXKFTVPHMOC7RJMTGGEG6PPQV,0
GB2DV22JRUNXUWOCM6MHJKLHLME7O2QFH7RRFLVU7A7HMA76PDMMZEVI,0
GCL4EXTXHGL4L4W7QPS5GHF2TTK4FIDJOVSMLQ22X3EZ3NSYNSS3OFMR,0
GBN4GORKHIGURWX65GFKC765RCBPG2QOSCFMYYQJYREX5NQMGJBYVT3M,0
GDX3EDQ4YKYVIKQP3RQV7D2HKGGK6EKUGQCMZYPSK7NIYIVRNV5QBINK,0
GCMALFFDDK2BDIOBMIEKBGRHW5VIKZS3PL4W5WD47SFM243XCU7QTW2H,0
GAHEQUAPTHF7XOR5GQD77VU2FEDSOQ5Z222HRQUTLB33MQOA3JJ2I5HZ,0
GBIS6CMTI6AQZ3TWUOKBHDLGLMARD2EJDQS36OUCHLGU3ZUXHAA4UTDO,0
GDV6FYISDW3TAB53XSOFQRGJ6KU3VFFE22W7YE2HXGDJD2ZOQZX6FK5C,0
GDRH3YSQJIEZZ23ISYANKAV3L65C3POYFG6FLWJPWSJROXMFWYSVNFWE,0
GBONBIRZZVNHE4EZXEZTN4CBXECAHQXN3PWCD2WZI6KTSWTSONLEIZ4P,0
GC2TFNTKQXZRTQCKIGMDTC2ILHSCT5KXUETCT4VODR4ZYWZXJ3ZHKR3Y,0
GATFVH63RYRCHNVS5NRULDCPBDLFVVFUAFIYIRIQSWTFDCSWPQFEWK64,0
GDX6YGPSJMS7IUJUAZ7VWZB34I4BZVZ6TDZA7SX4BFYXZYSDBUL5HUA6,0
GCFKML6LOWUAZFJ7S6S77AJGIUER6SHWOUX3ZDARBKOQI6TAILWCQSEF,0
GAY4GB5C3I3MCBXMFPBDVGUAJ7PMMUB2POBCILLYYEWWUXAW5FU2FNBG,0
GAC3TJTOJWYYOFC7STVG7KZWDTQS2JG6KRGA3WG6MGUA43DQVBTTILPQ,0
GAO4E36EU2OBWYWHQV7PMPIRXG2Z6FHLBKMZNMRJ3AWR7ACMPYXZ2YVE,0
GC76N6445OYTFLYXMG6U2XXPM2CRXKIO2WQNJATBDLM7LBJ5NDV7SR4Z,0
GARTZVWUIJFOYGLZTADK66DFKXTFBLO7G3Q3PBOEZPZNFXUHF56P2GKZ,0
GBRIFBGFCY2A3QUWXKQT5G6RGIUXFQHMY7RX5R2FV5AUEBF7Z74DDDID,0
GCVUHZ4G2ZPWHNVSUH2RR37QBKKH775IJXHEVWDK7CPPZVBG7ISIOBD5,0
GCPVNX4MDOFPBJEML2AZAM2WPGOC2WP2E2KSAFCSRZQ2TWB23TWOZDPI,0
GBMX25OKOJ2QMWSK3TZZ53SHQWTM3QCLELSO7HQKXIF55JHO2U2H7SBO,0
GAT6VHLFF7HVUMPOIMDVAKLHQJFGU5SBTDEGENQZE3LBXYPMQ7QT2SIE,0
GB6ARIZHZHCSXIY5TFRYD5TEG4TYY566LMMQL65PBWO6PTVYZ2VFBJEU,0
GAEZKB7GFJUZZRKH5D45MGEBDCQVRA6HMXIPPPZWFMYUH557COETOJYJ,0
GBMU6SOXRT65AEI46AMETEC2RVAADWBTTUVDZ7WJJXLTCNBJF67C7K4O,0
GDRIG6PG56TVA5FY7FSXETQSRDDTXQLBDD3L6NS4K2CCRT4LDMLIAMRK,0
GCCBUMIBJWE4TWEL4UJCJGLKE7RFJL3HHNJ7SMVYHS3TLNJAK2R2WYQC,0
GC23OLWCCSKSMEL73NZVAJ5RMZDUZ2NM6FWCQKXLRF25VH5WJJQIF3JB,0
GDL7EOEJNE2XVSE34VVJ6CZDD73MWEXYBHGOPQUIHGMTBPTBADOCJDAA,0
GBGWAEK3FKGWS4I2RZHH24KI3NNGBCS64EY6FBVUOPGCXFZO2WLFSBCK,0
GDWHQUDLTEEDBCY6NB7VBEPALK4RMAPTJVDKYYLTXQRUVJANFZ46VW4I,0
GBFXMGO2KUYKAGP6ONJRE2VNHWWNU47RFUAXHQJAI6YMF45N663KOR4U,0
GDOUEOSU27DPE4LER5DTDUD3WDXQEOSID3VHG222M6APNZMRFUPXEGEG,0
GC6JFGOECVKM6OHXRKEUHIK4ASA47RV7YLMBPO7S263IEOHHVBTH7GBO,0
GCVZY44GAVKEUAXZ5OEJQA22RDY5P72YT2WM3F2U7XUVO7HT3NJIDEZT,0
GDKMSEU4VZL6VAUNPULWMVVV5JI2QBV5XWAMBEOZMLJFZLJLMLI7UKGC,0
GC2OKU6PHGPDOTZR2EN3GWXWXUPW5QSRD4BWFTQ2STLUHJHRAYPQYJOU,0
GB6S24BA4P6PRW4P2EV7TZYGQF5XVYU4ZM5RX5IFELRQOGVVXJTKJFPV,0
GBR7TPJUBBUCLQ2IL2XEVC26U5BXOEZWVMDNVIAQRGUZ5VT2TC3HIGXU,0
GB5UKWEJVWROUCNOZCV2OGNOPUMYXUOQFLMRACQF2BQRO3OQXIYZG7YM,0
GCFRKYEZOMBPBK6OSEIHFUORZJTDPPIZ4CVWSWLORV4PJFFPEJWXSSMP,0
GB3POLJ7IVSPTWNCX6Q2LR5JULITYKJGZW4UDWDRJFRDM3CI3BZCSZMA,0
GDPWX73XPA7MJFGS4KTU2HHAHSEUBLP5VTRL6AUEN3F66AO4AGZY6XWO,0
GCZBTO5Y53CAMD6RE43TS3R73TFETJAJRVAMFYHBUSPN7BH6WAKOWNDR,0
GAPFULVZDOGIR7W2SH2D7VXJSEW2KULI4ZC73V6UDIFKG2C7HDBFXDGA,0
GBNRUUNCTNMH62R5UOHGYPOELRTPBNEUV3F67PLN5U7SNSUWFN5W7VMG,0
GA2YD53XRNERWPWTMTWMN6VRA6XKWJKBPD3OAYYSF755FJA3RS3W27XN,0
GDS4IR4BP3RMBCGPOQESD6EQFC3Z4D7XXJVSAIT3JFK2OPQ774UYABOK,0
GDTC2SK4HGPTF3BE3ZZPND3WFAFHS6KUOD77WGCT722PFMGQVW63KHWT,0
GDPPMHHSB2WNYCJHCM7FQG56WUXKNZM4IGUO2XSUE6C3QRJZYQYJ763G,0
GB4MGDRQR53DK7WAWJQEN7CIOS4QUFHOVI2NDQA7CKME56OXE2UMDXFJ,0
GACA43BECX6JYYSUVGWFKOX7OSTCCJVAAUHN2UXTP47MZLSZTN2F43V6,0
GDJAPAL2C3GCPBWORIBA65ESGVCSLQ6B54COEJTB6MH5FY3HJXRDN2VK,0
GDC5FOVYYZ6RG4EGZWLJW57K5Q6UAMPA3Z2TA3YY2Q2GEWZBISXC5TM2,0
GD7QPSNJWGIHMNV7X6OOVB2RCV6G3STGPEKVOUCQVVC5P4DNY7KE6ET7,0
GDQD3P3DIKKCZJRJKN37MLEP2GOCJLGNRMCGL4LEENNAZOMD63PK5OM6,0
GCFOR2EIMFUY62EIMRRTBTJJRTHXEFPBL5GIZTH7HI73OSKGZ34WFV7Y,0
GD6XV7TF7VQ36FTHVIFSNNLFVZTTN4HRQTPMD2KZHT55PF6GZ5IOSO4B,0
GCRLW2PIDIK667XWOMKUI2XKZMGJSZ4S2JZSJGEHM6MJTJA3BWGRZZST,0
GCYTV5PFW6MW2JJWNQHCEHPMUJVNFJE43S5KKE4VOX3EXMQDN2JQYFSA,0
GDEQNT46NVRKJJNG7WBCSHJ2EM3EUDLFHRO43VYRRAGRFZR2DFBCIRZW,0
GD5XYHDQQWQQUQAYEOPFYGNTVPY4O2FBMKXJTGPJZZEN6SYZCUF2NBYU,0
GDEN55NK6WJDPGXIULZGN7DLCDCLIBH7RNM4QVENSVMEQRLPPNXURNKT,0
GADKXZG73B3V2E66MLI5O3ZAWR5VADTM3T62FBNF54MD4H2HSKAYMLTK,0
GBCLY5MIY45TF2PY6OKBDYR6ZRVDYEYNFKU5DRWLSWJEMVTMBR36C3JO,0
GANCNRYN6S4WDZWENVHPIIPEFHDX54SO7HNX2R2BF3TM4YNRIJVTQBDJ,0
GCPUMKX7YRBBORWW4JHKOE6XIWFBTLDCWL5M4ALYOSU3RDEBOHGCAEOB,0
GB2O2U77IIYK4L63ZQC7V7IMKSTAEZ5T4L4G7ELIGXOQQ65OQVSX6F7I,0
GB6E6G25MIJSQWVYEPDYQO4MSPIITYQB5GAVBIGN4QIOWIWRRWT5PAQ5,0
GCKFNE4ZTDBCRQ7ULJQXMG7OVZFHQOVXBILTIUUBMR5CF2XO3O5B6YPC,0
GD7ZXCBSBIJ2V2UFCFI6GPERWE4Z24XIHOXK6IETF2X7BT6Y2MRA7ZLK,0
GACPBFBVGZNUQBFIJIE6FZSGUS43XFITQK6VWWLHSCLDVDGOWPOWPSZ7,0
GAQWF7VWNR7RI4MJQLCOJ7XPRYPKPR4NZ5JCKT5SO72MKJIV23BNSWE2,0
GCRIADRD56MPFFQFOL6FW3H66ROY7RNFNA5QHVR27RSFRJHTSDUSZQCH,0
GASWRVITLJXCAAHEUJDMSJWZVGLM2WVF7EJAGLY6ZJIQYEALPEISBYAU,0
GDDRV7Y2QXDDBFRREAQLQVQN4EDLEULC265NM7LRWATKNE74DPKKZ2IE,0
GCMKXWVXZOJQK2NMHSVQ2LYUYR3VK6SVJDMSMG6J3A73C7QTXDCF2KL2,0
GCJJW3CAMJ23XAZRXJPRTZMCQFLMPDN63AS3NTMMKQ7KBKBOLH557BYM,0
GATW5HL47UATEQL4JCO2CNSDQKSM5MKOWU5ZFRXS4HSWU2ZUHUZJ6EIB,0
GBBTAN4G37HHGP3VN73Q3RNGZU2HZXQSLYI7RLG5P6ELSOJLSNYRG3VF,0
GDXIZKFPMIBIZUPIK4SDAOC5MAYG4QZBBFLSRXYRB2LBFQFK5ALH6MZF,0
GBLCQH56HXLLO2BNPADKMGABXILQLVZBWDR6EOOL6BSYSQASTC5V2X5L,0
GDKT62F4BYKCWOQWSPX5PDVHNI3CZTTKPYNXTMWMGNPBAJSHQCEQ5BNO,0
GBKAIHAP2U3A5ETS6NDABD2I6X2CVX2OZY6JF5NAR5W6PGBO5SKMXGJ6,0
GA24GDVDRVAWS2VBYPKPF35OQYNJ7ADTF4FQXCCMZIFAZNYP65LVRDH3,0
GAXVTR3NVRTQE2N5K37TRXQVFQZ5N3XDCYTLWV7BLD6GS4ZEPZZRXYLY,0
GBFPEDVQFPFG5Z5RZX2VXDPOLYAMMEWQLRJU6DT65J56PAVRB4DHYJXI,0
GDVH55KTJZD3VMOYMBNCTD53ZDOSWBZBNZUIWZHN3FNJ6XWJLQ5HRYCB,0
GDEAIZOURNDZZWFVRAIK7ROBBVC5LAXBH7EEPBWS5JP6VYRR4YYAOWQV,0
GDY4H2XXDFFESZHG66F5C6Y4LD77ADV5DQ2PX2WWQ4UQ2UXQN4VNZLLE,0
GAWCWLWQKPROEUY5YTULGUMHHBNJTQOVGW5FXHJHLOFIVRPYHJ2TIANJ,0
GCBIHZYX6KB3ESA4MUBKMCFF6M2BKLRHJVGIPB4LGLQAE4PZ2Q5PKC5Z,0
GCQIWVDOKYEX52CZASNFRTALQBETRR3QVZR3R3CK2BIFKKKGTWH3O5X6,0
GBYWUDM3Z6Z2S4M2KSVRICUVWKAXDS75LF7I7AYQMNTYVMKTKBVW44YZ,0
GBSZJKUOAZTFZYKOZDQK5AF5GMVWEOX24PT5E4H7TBMSGAM3X57EU5XG,0
GAN7RFIWBZ6QRD5GINI2SCS5GSMNJVK7U57YCAHXQK4NLPJ6S7BMCT6X,0
GCZ2P5FBBJYU3TMFRT3UESF7KUYY7CIKJGRCYYWRSFFS7AHZNCJ5EP22,0
GC73S7KYI54A3KZ5RZMV4IDBU2AMFG3POJA23Y2EGLTUBUUSINL4MRSL,0
GBZW7SS463VM73LKDBCZA5OZSWERAYQCL7LVPOI5MYJZ7CHIIYR5AO66,0
GCM3XXFBEPVNI6AME5ES7X3E44MJPZMWKWU7YARYWKOCTNDSISNLJYIO,0
GCPFJ722BGJQQR4S2RNGRDULIO2PGIX6G2YZHPSSPEAWU27WWOVPNMX7,0
GDKBDPTBIWOL57HSPFQNAEWIPJQT2XNSW2UXYREPKLIYY2NABEPBZFUH,0
GBPPH7YI77USUP264WFOGNRZBDVF4PJU3IWKGZSVEP3REGVQXMRVYDUM,0
GA6ZRQTAUBCWLNKI6JJ27ZIO5YNUN7XLZM6AQ22LY37FTCALF2VQ6LKE,0
GBVYUVBBBMUAK5N6FJARCR5YUQFDXVRQES6HHGW4GJB35SL2ANVHLBIT,0
GD43EQOXQPSLZGG3WYF2NHQAMB7TEJGRWAJUQ2CKOO5IJHYK7BBE25SE,0
GCZQHIWDQBDEMC7VSIHR62SHJ7PEDULWAZKM6NZCDXHRZPKF5MMX4EQI,0
GD2HQA2X24GLQOZLANJX2ACKNFCZU5O6SBYGL223VMB5ZB4NZOUV6WBQ,0
GALXOIHBPPCJYUR7YGVVZJSAJ2ZHVN4ZS5OW4L6Q4YVICHDMKAHJHGNF,0
GC63BDJFAJT6R3VSRIFS432D2MUREGFCPEPTZDR3KI6YKP7XXMNXJUEL,0
GCRM7EWYGBOGLVRL5MIJECTPD6YQUTREZECL54QFB5S74ARRYVKPCJ37,0
GC7NUBDIO4ML4KP57AS3RJLFED2VLNQMJEPSBY2KNCS3LDUKZ4IPDTJ7,0
GCDPZXSZHAU6OFI6E72OSKOAXKI65OFLCS5RYHQECYLVKRKFXETZGFFP,0
GCX4PLVTBFIY3RXYGHOKRSL4HJA6KEFLF4AS7BUIVXT7LA4GF74XPGB5,0
GCFV2UHNVG6GRSTWNQBDPLUZAINHBUVGX4VRPCDNRBRDG4OT64BRZEZQ,0
GBGB5XN77HLJF32RU6YTE3HBGS53A37R3ZTI5ZD7IVO3ZKTEVS2PQ4ZT,0
GCGQIY64NDXHUT4EE2MLOVXCWLHQQJ43DWBGD5WK6BKHUBZWGGXRA53E,0
GCUCA3MNUQS4GZGEBTAWU77BELCCODTX2RM7IELF7MTSAY635TFU7VTK,0
GB3P6WXKENAR7VVO3HCLAJNQ5QAL76NQLCXUIJHMIDS45T2WIE4XHUBP,0
GCNJMVHTW4OUFJFFRAEVR5VRUVIUPZAT5NMPB2GSNIAKFD3PHGC4X4NT,0
GB5KTIWO4STC2K5ZPR4H6335D3WJ4QNQXCDNEIW5PWADD5IUI3OAJPTO,0
GCWXRNPRMGMUSUEGZ6OFLLB4PNXUQH4PQKSPRFVW64XQCZWO6G5YKMQ5,0
GA2ZYUN5QZMPD7OWRUF5YDE4NHSIW5BWNO643JYB6XVPTTID7KJZ4KZ5,0
GCSVAU3MZLL6XYGXR3URL5OKSIZR5IJYQIIMGDXIPKCQJUQVYI4FTGDV,0
GAZLL22S6Y67QR52Q33VQTFPHWG5WPMNK2UT5VJEO3PEZLVEOOG7PXAE,0
GBFHRRCYEHZRPD7A5LLOKBKSDKZ4POHTCSQ72E5QXATP6GBSYIF2RLYT,0
GDKXXL6MEQQSXJTUKWAXAPYVXRWCWHZNLZCBIZEBSLADK6M5U43FJSHX,0
GAARTTRCASX574RZL5VVE5RSAQDZSJLL5I6KDFQC5WTFHZOJELJXO4ZI,0
GAUDT362YWQ6PWBH76WCAOKURGWZX3TVRCZUEREX7IYSHGFJBXQB5PMQ,0
GASE34HJWGHED25PWN7N6OWBXF3DR4I6LLFVEIIPY4JHFUCTAXQ5C7KZ,0
GBXL3LSTVY3VIMJT3VHUEQOTLC3IP3X3GCKC7SHORPKNYRFP34RAH7A3,0
GDP36VKCLLQUYU73ST5IIPRDGBUYYT37FPLQUFOHOJ7I73NA6BH4YY27,0
GDLDZV6IVPOWTXPEGSAAETZ6X6TSD7E22UPE5W7JSRM5DNWXYJ7F6DZS,0
GDAZO5VLHII4ZVRSZKVNW75WN7EV6CLGZSTEKF54ISU5L3JC73AGWJPT,0
GBT3NGEZ55CGUOQLQJDJNIF2PQLWFMVPZH6RZ3VW2Q6SULEOW7HDXEBU,0
GBV4HHZWWXHCLUIL7MPQYV6MPP55WJK2DARH742SNS32RTNBHPYXP3BE,0
GDWIMDFPHZD6LFMXFJN2HT5EIO22M5YMN4UBCTO3N2M7OED42KFMR5M2,0
GDD7Z7IJWSPKAFMQEIUDVN44RCB5CUILAMIIOBRB7QRZRAGTHJRD5G5Z,0
GDXF6TYDPVHSFQFOKSO3L7IDBOCHOQ4IYKKJRPHZO6L3K6E7HURCJJM7,0
GD2XGDCK7P3RNFTXU335J64SGT4S6MH6LAGFYTAQVIQW5WGY3KFDVIW6,0
GCJB2DPOZBJ6Y4WMDCPO4DZVST5SJHHXC2YUOXNPNICD3RWNU43IX5KW,0
GAA7I2DLV6XWXV46SQQYWBCIN56YUDKMDLSANGHPLTSMZXWMTMN6HGVR,0
GBBSMEWVULZVLCD2RHOKNAYPD2Q5LDXTD37B2R6JLFCL6463Y3UKNR4N,0
GCJG4ALFHUIX5T7U4MTCZJIFNSQTEIH74VFKIRNG2VHM64ESIOSRKGFX,0
GCAYZSR6U4XP5D24B5DZDGBBKUBYBTQQCJ53J7OP6YVJDKEAT3BFRA7S,0
GDVCC6PO2KH7J6FLNOA2R6CNGJK6ISBLS36U3WGD2O4D4SCLZBW5MMBT,0
GCXETRGTNME67FZDZMAWV4ZLGNA3TCBKVCE2GEJOHVH6TVJ4MKGF7AXO,0
GDPYAI57KP5CZWKP3QKJGXTKQZ4IH5ZRTG6SOGJWMLWGTMOC2N6RKXV3,0
GDKPAC7HILLRR4JPFVWCBNHRBH773OGFPMJNPRJPCK7OMEWG5MPMTMGE,0
GCAADXWVNQFKWZ5HYUICQSBPH2XOH4HGKGHP6H5BBBQN7QJD7BYZALFV,0
GDCSUOH26FNKXSGNYU3E7IMNWLSYK6OFFWMIPRZCWQFZWYPKU2ILIQOZ,0
GDBJOVFEY6SACRIMU57AVXMSGH42PI6ENARCTT45ROQPKRIX4S3DPJXS,0
GA7GOCOMT7P4YNY7ZNGXX37IUATR655BDNY4A4AJG5SHHJUPDN7XUBHA,0
GBD6Q53JVLB4PH5WGKMAY2X7MSIXPHXSVSCRQCYJHGH5AAXEATZAKW6A,0
GDLFUYL2H4DOKSZCWCKEBO5HBXKZASROIGXILDNQE2FNA5ALUL2M6DQ4,0
GBQGQVCRMNUPYPYUSF2TR6VPSJTRB5BFFBMGWDIOD6GKD5OAKSLYVV56,0
GAXHI3ZHQNJMQI7ADVUYYVBNY4AATNR4MTX4BP5E4RG6SWU35QYM4VXR,0
GD4PSYJUHV7CSZJXODKEJH7M2GKZH5RRSQXU2AOHUQQN3Y5BVT3NJ2CJ,0
GD5KCBSUSOVP2ZRNFNENR2ZFDX6N3DCXVQNYBPFQQFIANVWPEQ6QAT2Z,0
GATNEEZDPGMRRNVEG23AXQG67F3BYD5HUILKPIKTAM7YY37YNFTVHA2R,0
GDXCLR577J6L45NIHCOQFDVLXKNLYPOYCDU4AQEPNXSEPFNJIEXWTOBS,0
GBQBRTUWXE64CDRCCENYDSHYUH73SBUCG6ZU74LZ5MEISVMLDJQC5K72,0
GD25KH76B63RZRX2OJAU5KSSSK6TXTTQMZABZQQVRTYP6WOA7MQIIU5M,0
GDMPN5GHK66AKNBPKZT5WFUTYOYZMGVBHSN3SG7V2A5LGAL7VW3ESYUI,0
GDS4XJ77NSMUSZKEPSIH25QD57YQBJYZSAMTEMIFCPZ7DVTPCUIUNTFM,0
GD7EJUPH65UNZPH6VL3AY644DHRLEQUGWSOICPRV4JPNKDWBFPT77FZE,0
GCKW5OEL4TJQRRT7XR4HD4YS5ACHFOBD26R3OS6DMKKSZHFMSPIUVFAH,0
GBR5BYXLQ4KPRGUBYD5VA26U745HJ33NE2I7MOYCL3DREOOAX6CFMDBA,0
GAE7I2WSC3G7W5DPYGLUJVPTZT5YG7OMGJUDVTMUR4ZC7SLRQBMYAUU5,0
GBHHP5W73SQJOJNXU7NZEFJSQQK32IQ6X6B5UFIEAZERR7RMTUAJXOTF,0
GDEPDWBIOXC424YTZYEWBJOZ4QFCCHDUCTBGOKPKU6476IPBVJBDPE6D,0
GBC4457R3QTV4FXY75KLOEMQVEDRB3IBGYKWM3BNO6PVE2KUNUME6MWC,0
GBNPK5TBQ3DEIVTATPRUQW7TDOIHSV3JN7D7D7L6S3RT3UTMC2SR2GHH,0
GCUGJ6H3CBQFQJ2BCHDE4MNOK6JXMMV7ABO35GBB3RW7EXZEVZQV6YFN,0
GBRNCU54KAYJQOD4Q47SCPDJMGFMHVTPKKYRF4SXIW25CPI6Y4VGOSCJ,0
GCSDYCZYXN56GAJZ7XOQGDG2CS2XCHE4SXGQ2WKGAKOTXXTOVVZEBSP7,0
GD2VQRV5HAYG473SJCHZJQLD5FRARU27T26MRK4DPDFMTZKXK7Z5DNUU,0
GBA2WGBXQPYQKO5U57M3RL4J62BM6CQF2NZXMQ4JWNBRMJS4GILM3OEC,0
GAHK7J7DQBX3IGGZDVQDAVNCJ3ZRHYJF7WHL2D3HG2SRF6M7TNWLI3NJ,0
GA6Z4HQH6LMJWETH633MCJIHSZKLUDBUAR5L3G2UKN3EFMUOYI2NQQ2V,0
GC7EELBCD2W7WEYY5525HPBXPMQUO2EKREQSLZGUC7FQ5IK55CA76HOW,0
GA6ACRDZOSP7OGZ5TRHUNUK4VVTUYYFGAOOV7FHNQTAVFE52KRYOYH36,0
GDWNY3DXYAV3F362PYGNPYDKGIAIKKCUI3MJKMFOQCPIE2B2VUUJONA3,0
GD6YE32XGHT2BLTPB2SIWQGSRLXAENG6NDXYRNKE5YHRSVWIPJZJSORH,0
GCJN7DFJVLNRHNR7ZQKZOIDH2SYNRB57PEYVZ3HJFPCR3IBCBD4SUHB2,0
GA3IVM6G2SNM5Q464TJWFDBENN6ZHTFZVAOUNSB7E3BNZWW7XAIZXZWE,0
GBDRK7UCR25MREDIBXR7PSGXG2J675AO2BG3XB4G4AEQP6TXJ2ZHY3R6,0
GATX3CKK7JZMKT5M3DLKAOWI62MTL5AYOP5IA5L4LRJCXB5L2MR573Z2,0
GBSOT5KHIQHN3XNA2ALZPXMXBAELLOABDFGL5TBO5DECRPZR2MY6Z2WL,0
GCOORJHDWJP2VUMFPL5IHU7RZZK7FHU7MPBKFOJ7WAFHBSCABFO26PLO,0
GDO3K2O7XBQTGYGKS3NMCIRPUINWMXXNP4G2UICRMTYJT26RO3QLQE7O,0
GA5ZSKT2EIHIX34UUW4KKKZWDFFUHUNHQMR47BXWHJQNMTWAB4TFCK5H,0
GDDJ2SBJF7OUKNYZEQTIXQBQXGN3AXA24QN576Z4LI7H7ATX6MNJGSBE,0
GASKWIMPDUHGHAWULVO5OHKVPMNT3QXBRFCYX6LVJ475AE3CHIXUJWD7,0
GCRQ2PN3L5X46UI4W4YIFMAQOFPF5ZV2AHF2EDBMNW6CW6H56QG73CGU,0
GAQ6JLSMN7UJBSDJCL6RAF2VKXBII7TRGBLHB7SV52MDNNNCYKMAITTR,0
GDYA3Y5X3NIK6YXBAYMVR3SJX6EEEUI4LG4SEFG7IIEO22UUPG6B5X6F,0
GABXQQ4FGZAJFTTXSKRFWVWQUYIQLHJVONRBEEGO5X752PQF5GYCACE3,0
GD77J42NFDTJ5GWUTQAGEWXRRE35IUZKX5ILYN7OSVE2JPWMLDZQ4CCB,0
GD2P4VWMIJ4YW2PDGUAEJN3UOBZ5322OLFFZJHVGCDLF2HYXI47NXXC7,0
GB2YO2O53Z5CCQ5P6JOOV44NATJHJHANASVS72FCXXBBWA7KWHC4ICYN,0
GBK5IRRFSIP25XFRGELST5LSNMHQSVEXJHT4JWAGXKIQHZ5GRF7AU7V5,0
GCMLCIN3X4FU5R42VVXJLZSPZJYRJBSMIPUAWSUNCEU3FC7YGNZ2RBWY,0
GDRL2HV5PIIUEAEJD4QX4JWIGZUUAENIZ7JCRQEY5YJ453GZ7JJQ6KEN,0
GBX7QG3SLKOCM2ULJ236VZWKLMWO2ILL26FS66WOE3MAGQUCBMW5JEDS,0
GBNCSHYDVP4H7AOS7VXEUXGRLEBUC2PCYXBZUORMOS3K76ZB4V34RYDF,0
GDPGYQZDLHKCGIKW2K7Z3C2VKF2AMZQ5IOQAHZTSSJ74BHTNWX3JHSSP,0
GDHT5BJPMARS7MD2PHI7ZYP7LQZFBC3VAV4BYEMVPS5LL7AMGMHWRLCU,0
GCCFLZHOKX2J4IM3ZNSVLDESGAGOAWEKXTSIZZ57QLYK5XADGGYPQV3U,0
GDY7NBMS3XRUU7OXKZ643F52I3KOXEAXLMJB5XZWC3FDQUSUQAQWTIUR,0
GA7M5CK5XVKUBMCCKWK2BFWN4Y6HEED5BM34VOTSDRMZO2XRAPE6DT2S,0
GAWNL4ZSOKXF4EX2AIJXE46KSYN2KQ2NQFLUEFL745KYOXJI7VKJLWPH,0
GATEGGCGA4AEBUFUOAZRDHSIFEBMJKMSAZTOF4CTCDDJSMNBINQ3WY4P,0
GBZZJRU62PFHMKCWKEQC43AP5SPEJRRQXPFWJDGTWDH3JHZKGJQERC6R,0
GB3YCLTXNG4XQXWHFQZTPBX7ADMUCP2OTDAULIINN4EM755A6XBQIVTQ,0
GBPFGGOTXY3OHOVTU5ZFOKNQ4C34KGD4JO37OP2Y4X5ZO2UAKORFSY7D,0
GCK3YIKTIFSB4XVN7V6FG5JGJGYUP7F5JZIMM5QALWK5U2PZHHCGIMUG,0
GBY7LWQ6SV55L74G4NE3S2KWPR2WZNTF3MBCPZ6PR7I76IXPAVMKV3V4,0
GDMH4YCFNWPF33UXBGYTUWJEO7Q5RU6R2Z2MOPMKN3KLS27QD56L4MXZ,0
GBGEFCVGCDPJ26COV5KYZZR4GPNXJDE7RK37JRKVU73KLVWOTM4R2ATM,0
GDJILI7KKWRZKWPYTVL6DKJPTGHF5EA5Q6UZ773EB2CTCVE7GLVADGAK,0
GDVC6SRKCB5LLYLDVM2TP5IGT6MTJL27NNV7VR6BQETB6Y6DPBT2WBVM,0
GDB3V6LDD2K6GNVXSVWWKAYY6DFYYQUNHQUTUW7GNHQMCTALV7PRU6FU,0
GBDWSFSJHUA3V767ECTQJOC4GTFMLVSZ4XOKML4END33CZCWVCPSVICD,0
GCSWDQW4BQVSHTSRUJNHADMUS4WRKF7WJJNGQDOIF5FZDEFERIXNDLL7,0
GAHH4KYELA3BNFHGU6ZJLYCP6AEZJEM7DDSECO2L3XZQX6BAKQVFNV3E,0
GB5ZY3CWYEOA25DSYZLODOTESHKZKK4J73ZBNO2CR6VDK43RI3V6MKKL,0
GBIURUG7N35ZEKHBXQLIXZQCOE4Q7MBKCKXPGVEQDY77GMPEOHCWC67E,0
GCIZB2KLWY7WWN2VRI4G7CQ5R5AJTZNBMGM2JYN7WG3OT5X6RL6MAWNV,0
GAETGYKDHEYEKM4YHE5SKTEQCDR2TBDKHTLQKTCWJ5SDWV3NGNCRTAC7,0
GAI4W6GDKRNZEADEJBX3E2MJTAXOISGO25UGIJRLWQ7DAHPJTOWUTUXI,0
GBOKY5YOJGP4GYDYOTM7FTRBTF6XC44JPTZD2CETMVFYGJOSUYWVYHTW,0
GBMZGBXEXESRBOTFKX6CSS2MHDKZ6HG7WA3YRIVY2R2DB22T3U54F7ZJ,0
GA7T5HKEXAXFAOYPMRNGRFB5YDLL7ARDKQHJAAWXHE7HLW7TGU42IZRZ,0
GBAENAOPK2VNOA2GY5IRJBIHM55EGEK3TOR27KDATCMUTDEIU3MGQFFC,0
GBH2GEROROXSQ2UNRBNUQ7NVZD4F2RPHK4G7K2DNMEASHYOGAEQJ53JD,0
GDSIZW7XWN4GH3FB33TS3C4NJK7OAXUDWG52XHVHOIHYIPKZH5IOPOSO,0
GDIHSSG47SIKTWZH6G5UBZDE2KYF6FW7SGQB2EVOF23JHH26RC5FXCKW,0
GBLTHF62YTDNVZYYV67Y4DCB63HBTXBCIFUP2ATKI2LR3W24VNDHSUH3,0
GAHQCL3VW2AEBWQAFGLIBHVEEUTMWMA6X4WFLJJ4P2TCE2WJWKCAPFOI,0
GAKN4MYWQT3AT3OMEQVMCZYFACQ76KIORCCANOILWKFIIJDIJ22QZJWD,0
GCRUAVBVLBVP4PORYRQG3GPUZMOX2JNW37M3BCCFY3OJRN6U5UALDKFM,0
GANGNP6J3FRVEAK2SBTIOWUEQ6LBMEIXF3AIJJYRSESHORUC5XUKYAEG,0
GDWVBEGPGE7UKD4GWE7HL4FXPJ4ACV7WFXZ3BG5EHESBSH575HKL74Z2,0
GBJICATUUVON62J2VMDFEQTRLJPUTVC4NCTDR4E6CCKSCYKINVUW3BRO,0
GDRNOAPMWFTHD4GFQSVMCI6D7SJVYDZBOIDWS5JH3HL6W3VZ4TEZ4LFE,0
GCHA4KBFK2HFEZKDV3XUGKEG3NMYUNWYEB7EUMS7I4X2KT5XAJMAFZQ3,0
GDP2L6OTCFNQ3LNPXBOSVCEBA3O5GOFB2NIORWHLHHEEBYKPS5O7ITQE,0
GAYKKYTEHCRRLXLYQXDPTLWG2UEPUNR6WVHJTUGTWZ7MNMJ3U35SFDXU,0
GCBV362WIPX3EUHT4JTF24TTDI34I4BSJHAW2QKXNU2EYOQLQV2PAC7C,0
GCZDH33FDONEWOYA2PZZQVXWVFDKZWW2OQO5JDBNR7VZ2SWKMTZM6FXT,0
GCARQGQNW7LR77IRJYYNE4GGQQKECJGJZRAXEYVM6G5XJHM4FO5KGVAS,0
GAAXQH3CHW7CXA6XWX5JYDTQBXMXZEQY63FFHEHM6WRWWLUQIMV4WOMO,0
GDQTFQAV5FYTY4EPH3FHZK3OEMIMG5QV2UVNFGM7LTXAY2UJ6TIITWPO,0
GADO4CXHUKHKVHG53FDKSMM5XGNZTEGELKGHKGHZ333OBMZC3KJL3FKO,0
GDDL52T2XAUWPGRRRR7BAS77AORUGQPUEO5454DT77F4NYE7GVBOVUFD,0
GA5LUGU2VMOS4WBM2SXZS62RKCCYKQU35CN35XUQB62CF27TRI6WPEN5,0
GBGRMRBA762B3OWPMSBXECXABJHOEP4KZGKCYLZBB4GG7ZEEDHO4DTCW,0
GDNCABVI2ZAALIIB4JA7POS5KEO7WW6TIOKRDAYXN4445IAFFNKE4OVK,0
GBNBDU6NZDTHYTDSTLKGDN3ANMW4NHOERKN2G7EY5OMG3CBU2YKJ45EY,0
GAJAVNOGHPE43U6DXLSVRWXDTJQAPCHXODVJFTMI7XKO7OFHTEQDXALJ,0
GBNEX323FC2JY25OWPOWAYHQDOHD2LAB4ECNESXHEXFQFNWXDSUTARIF,0
GDJIWZXUBSAKGRHISNYIPLQPN7PGFWVMQUW6UETITZOG7OBI2JQRH7MY,0
GCARE4H5B5APPVDJVU2K4TB3FCE6A37WUJYJRXMHKY5BR3ORRPOZ6BA2,0
GBBDJYKJVIECRX5UPMXKZ2RIXE6LLWRLLEMXCCOKFVU6OMOM557GTEXI,0
GASYWG7CSLMADGBCK6Z5LDIFXDAEDCFXRYFZEWKNDT6MHZYMAEHIPORD,0
GDDDG2JTEUPK47PL2N7342LFNTNDZI44CCCXUVCE7Y3FY7IN3DWAX6MY,0
GAC66A4WVPO75XCZN3YKEDR2B5BEXMDB25SNVSR5J3IE7565WZL3UC32,0
GDKYNJYNCAUW5SF3V5ZMMFG4DKAJFKC7MCLOWGI7ZKBUIXXRHBSQL6L4,0
GCQHX2UQXTAUASC5XHF4XXZHU7WDOMSI636NG2ZQKDUECSKJ3IFK6KNV,0
GBHZLDOF2CWIJIBTLZ75YPCKWYVUNX6BXNKTNN7LHYQJAESPCZ5IWFRI,0
GDSB7K7FUANORNPW6MPXX6LZGQXFYBUBGVJMLTEVDALCJGJ7GNVQLYBB,0
GD53CX2OWV3WYXHDR2JEJT3U6HZQIU3ETBUWJT5ENKEC7GUJ7ULGBRNM,0
GBZHOSK347IKMXN7GLKEL2ZDVHBUUVSJORNXPN6LEUT46ZMUF2GYIBTP,0
GA44WPIL3MB2VLSBKCTBLRXYYON4AJYLOTQHU62DOWLVLWFWJZTTKDI6,0
GAVQ24VLBJWKTGPOZAJT6ARKXBUJI6LHUUPDTNKLMBCLMV5KQF6UWCZL,0
GBW7M6S2CH6SXT6ZXRKASQKUPM7IJ6N44EZIUMLN7MU4734ICNJQBIOX,0
GDJHENY3VRNISEGBUWIG7HM2BS7I3MJIXC423EYD3PV7WLY7WKP3OJGG,0
GAGASHUDQNPQT25WQZ5EK6K6SHJKDFJ7HIAWMB3AUFBMN7WMWZJ2FBEQ,0
GD6SWVNZ3XXFP2VQDVWUZJS76AIMAPYJRUUP5VZIO2M5XL5L2K34IW4U,0
GAVG7IHADMPGOQXYO4H2OBAN2PTKTUG24TVDZUJDC4Q3ZPGNEJ2E5YN5,0
GDKEXMCPYWYSFWRM4LOOK6PRALFCCN6XOFW2WQQ6TWM6MV6R4CPM6R6Z,0
GDK5GU24DAXC54RA5HHTZGD3HB5T3A66ZOI2LIRBJJISUVPOBPCT6BTM,0
GBISUKK2XMQ2TAPGQL26SVPFJHMODXYABYFHIVQGXWJJUM576LYM5PON,0
GBZE5WHMLZ4WX5IDCF2FP7PM4CPVKL5VQKTIZ6VMIDPTQQAUL2MCZHP6,0
GCDH5LRSWHVSGV53RM6U7OGDNNOMJHXJ3PNJH57GWATPTVFEZABICFPO,0
GCUO6V3BA5WAFYFD3U2VOEQS6N3F25I7Z7BGKRXKFZZ3IWHR65SYYWHM,0
GAY6AJNOMQO3U2VKWXERYSZXINZ7C5J64GHLZZNUQUFTYO7MRGHLFRAM,0
GD7XBFLVQ5W2QDNFHZM7IORBXEG3U4MS2NP2ACRNA67PZSJKHWAKFBMN,0
GAEZEGLVOROIUQUXDI4DLEJX2LVUMN4KDR7JF545IQLR7XHRRYV6RUCN,0
GDBWGJYIXFQ6GOJY6G33UKJUFBB3XNCD33BE3H7XQ2HK4UYHZ2S6CSFL,0
GAW7L3WHFBGT2ZLRP5BVVMUKLUD4W6BBOEGSYORDODPG327WROBM6KBU,0
GDQA7EQG4PUOXMZGV2YMVHEXIALVXD3I5PCJQT5X4T33EVTJOPK4QETT,0
GAJB6RESJRWBIK75LXLYQNKCMYMMWT5M3IKIAG2OCEZ47N7GHWVTXWZA,0
GCOY75RI4PNIMGSB7CGP67LL342BUSD3CLMFZ4BVSPZ5SAWWWPXCVKC2,0
GAZ6HANX4XOESGZLCYIHKKB7AL5N7HCLCCRNXRJ67UGRSB54YACDDDX6,0
GCQUND2UYGVB5GGOOIQKVEUTJJC33VP3ERLICRGJD3ZSYBE7GRCR5X4B,0
GDGCJT62SBWIB2EVK56GKEJWXDQXOTHDKVDPFXZWWKX5IZGDDIXZTKZU,0
GAVHHJG62YCT643IOR24IKHCJ5TTAGGHZ3BC5OAHKWJW5ZLZC4EPIBGG,0
GD2YK4OHYRGMLATBNPX74UBZFCCABRND4AXQA3SOPSOFPK64UBZPWC67,0
GALRTGGMJKGX5YP3DDRRKLAGC6MSE7HCEJS7VWKCTCBDH5W22TSBRJLZ,0
GC4YJV6QSKB5E5URBN2OPONKUIQKAGCKL3HNS2HCF62AAU5QNWTYP6QL,0
GBGTNQ4F5BOVYFCVNUMSNHNBI7PLGVSSJ3SMLEMKF62ITGLVWAVHNRDY,0
GBECM2HEJPVSWYHZWFPW252LJ4XRALTSQAUWQRZFVDJJ5H6JLCWVVX3H,0
GABYL4GQZKN4YDUES4GKKYY7BF2LYEKGF2ACFVPU76JTVRNYRCIAPRX4,0
GDGAY26BS3G5PEYSVTR3O6VJJZWPNLOCPZM3MJWO7CZU7ASVOWHQVR2Q,0
GAQZ4WBDWZLYMI7EYCI3Q5Y7NI4FQ3FLFKJUOC26DX6ZUOMGZ7FYKQPA,0
GDWS3SP5WN3T4N3LZAYBHSPML6NHHZNAUMQUJC2D6SQZ36GF7YDOG57U,0
GCUHGEWEQEE53YADYT6PZD3CNK7UVKKBEP4OUDNJ6XTHOSCWNLRRTI5F,0
GATKJPLLWSRZ3B4LLWJ3KJC725DWB5GVRTGSIK2372E6VENYH4RHGI3Z,0
GB27WF77QC32SF4FZF3CRJ6WUX6EL5NPKOCZLZNHWGWQXG7VVYDSRJME,0
GA3EDPINRXO6XNIKOTPNC254GAPVDB2B77UBFEICWJRLDOGNAJGGPV26,0
GBR3PO5HTDWT7IPGRE6YP5A2ZDQRTZZI5IG37ZPMAVDD7ANKHDWQUTSF,0
GCDLQSRSBJBBRPZZ4EEDGGJWC2VOZ46ZXBDDDNCREHRKW5MACK35AT7M,0
GAOSXTNTXK5AEFIZ5EX57VM473FC3E54GF3RFGOWOCQTN5S5FTN4APAQ,0
GAPFYCB3VNF354CPVFXKXVFKXDKKVVKURTKMLBK4IVTKLAZPV3N4QFJI,0
GBMB6UD6NC2MSGY7H4LLJSDY7QT4GEWSWCBIIG2XC37G3KUV2D53Y5FA,0
GDSJRHIOIJBBPB6WN67YP5A5GG66PIZBIOXGF2VQC3EPH3XDGUJS25CL,0
GBQNY6AVK6SDO27TJNI6XXX7UXNNBGKWHV3SGUWMTZERKVVQMTRFYU7U,0
GCGZZ3GZFEITH73JPCCGEN5DMFIJ3DWMU4IY5LCZB3VISMSUUV4H5ZYT,0
GBLFUYWWGJDZVMWA7DEFQGYSS3WIU47HBISYHOUSDT6H2HBWFQFEYM2P,0
GDVHL5HHC4FEUOGHLJPCXOWFTNM6TX7YLD4LMAHT4YVE5Q2FAWTPMG5R,0
GDWX7OSASI7J7KYNBPGG7ILGMJDLXFWHXPDZUC5ZAAS2D42UTBTEI3AC,0
GDBIVF5QYIMIP4BXWASMOODTEHKRNFUGR7RKGXZOLPDCBLPVL7PXZDRA,0
GD3EMBRWTAJHCOKWOJDH6DSGNF6ICJ5UB3T4DAAVEBIX4WNM4HUBI2VW,0
GDBQVA3OMSX44WGHQF3J4X3ROZJR5TCI6DU4KZ5T73XW57D3WLRXZZZX,0
GDBNKXJCZFNYOFZXGNNKEAVEQTXGUMEUDS4CUMZ5ZE4XA7ZDYVUWKRRI,0
GAEXI3KIWYYS2Y2CLTBANWKWVVGZ4LXHDPFVKHM6SQFZAEMPNCQ3I5CI,0
GA3HT6QTDG5YYI5C5WPD2WBIKG7IXX6ZKMI2JHWSREZUU2FPHJJFLXLY,0
GAU7IVOZ4MUJBBYV3KOXPEXEDDZK3H7SLIMUO657MNC3SZOL5GAPQVQ2,0
GDEF43DOAUU3VM3YTSMBRS2DODW5NZ6HZ7JSPJWWZJO4GLS4S2VKQRB7,0
GBZ5EYHOO5IGBOECKY3L3WSOQB34EZWKK7JOBDFQ5VBJAQRU4NBUBRQG,0
GBQNKEGE4LUR7PWBFFDTMP544TFQ3KFKPTOPTJSBAGXE24DCQNDBFJMD,0
GB5RKPQ2I5G3OSM6OH3RZWSUKX3B3H36NXVUWRWMXYKRNRZU6JTN7NTF,0
GBHQAPO2ZB36CQWQAVH5REV2IUX4QFSKCDHPUJVTSWT5QUTEUD63RE6L,0
GBVTVNZSBVDS4VWEWYXSUNGDN524AINUUHSKHNLCHP5O3LOBGTYYM4WU,0
GBIBFIEHNQ5YIUWRXJTQPTXTEA7UIKVON7J2LS2JGZRMQMTBFUM5QAPN,0
GC7EDY7A4AASK23RYUDDKQ2U6Y65HNFJM7HMLOUZBFGIIK4BEUUOIBSS,0
GCDFCU4QJCWQNVFENFYUXCG7G5KBWDEP6MCPF6PNHQIKMC6YSSJ4Q37H,0
GCFFZJ5SHDK55S25DM6KESAQVLLFGSUPEGOEYRKBI6TMHZ5WM2RDF6HX,0
GBWKPHEBW2FAMGKP6EEJXPU2HP4CGZYB7YWBMQE2HJDH2YEJ5KQ5LE6S,0
GCUNXXRBYR3KZREUJXK5ZQUZBWN3RIDKO247AZRA474NHAHXW2PKY5MN,0
GCJRJADI3OHN3HNIGBQEXK5AU3T2OKP5N7X5G2CAAY75FB5D6KJZM54G,0
GBQB537ECTTKCNJCBMOTTHXMASDFGFBTWEKLU5Q22X6EWNK726SYY53Z,0
GBPANBCFLF6BI36EZ3SDJXLGOBGB4JANG7XQ5NPB77ILOO7D27GDU7XH,0
GCGQIJIUHCSYAOH6EV5D6KUEHQTDCKJF23EBAXPAIA6JHCGT7AVVF6E5,0
GCL33LAS5NO3ZJSTROSKVFEWQUF6NHPBWZEDA4GQLU5NAFP4SS6DS47C,0
GCHCDF5QPGVMRVCL6ER3CWBD5XJJYPF2QMO6WO4TUXUG3U3WWAKVJRUJ,0
GBLQ6S6BP7PWKIQ33YGF24BINPEYEMBNBZZLCQMKYRC3WA7G5AD6YTCY,0
GBCEX7EMETIPXQXS27VJNTX7NUQD3SA7NJV4ZO3QVTZXDWXI43FDURTL,0
GB74QZSXIRIO6XIJN2M4HTPGLWYTFMGMMEDQEMSZSI3HJ7ZNIDRKRRP2,0
GCKR5D2AKAU5FZO3DDKY2WXVPIJG3Y2M2UMUOJ7S47DEPSFLEDOZGFGE,0
GCOQYMLCVS2T2W2KCDG6676LRJI7HFVCI44NFCFF25W6Q4WFM6IIYIDF,0
GCPF7GIOOCYLUUMCLGQLAUMUFQ36W6CAUFW5W75SECGJZVJ2XTHTHM5P,0
GAZM7CTNIG2YJA7CASDJSVYSKQMIEGVME627EKH5CYSSNDZ6XHTTWN73,0
GBZOERJE4D2MP3BJYC3MR7D45AOTKKUHX4X2H7REOQUCN5Y3VKTDUF7X,0
GCS2JAK2AZV7QK7DWCTT7KMI7AOJVCZGNB6A2VLJQMM3FMFJ4HZIYBHH,0
GCFQZX6LNGK2TXWJBEPNED3Z645BKDGO4QTKK7YR7JZXMVGRFJ4ZDDOJ,0
GCOA3LRU723K2OVQP6ZK2P6YYNPQMYDTRSEEFJCIIIDPUUYCIVS3SH5K,0
GCJSXZKBDJN76AL65RKS32JKVFNVQSEJTU4ANO4YGIGHPRAN3EWXNHTL,0
GCR4HBDMQTUF65VYFO56NE7HEI3366VHTAA3GB4MGAV6PFR46BDGZ55T,0
GCISYWAZM3S62UXKKDMKFDDE4K46543EKET3I4LPYCPHMMRIUSBKPN5Y,0
GBE27RC6LDA3XXO2M3EXKKXV43J4SQBIQJ7G4ZAKYLOBHGVLSLWNQ7K5,0
GB5MZRYKFWQ23VJQKXFWYUMYAJ7DKBMDKNLOBYPO6H565DGXN6HNKBRU,0
GBHYNI2JFZ24UG6ABCH5JWEEGODGUL6OHMJLZ4AKQGUXHPHGM45U2R5X,0
GCR3DW2PGRCNIQS2AWVB6TFSBPN6UB34MS62QJ6FNEKZLMJJPELVDRD7,0
GAWAECJHPZL7J5RLETVGVS5QS2F73JUC55N5QRYRNT52BGU4QOC3SMZW,0
GCRBUTZ4XXHKWB33ULBHGOZJVSJ6ZNYLLEE3OXOVRJ5GOMXEIRV47CPR,0
GCJ3R66D7S46PZBFTIWFDDF7DLF5H55RKDZHLEZGCP6AEMKTBMAVI2K4,0
GAVFJI3SIYSEBV2CXHXJBQGN2MCIRXIWPIT242XDJ2RJM63VFXSB3KGO,0
GCNEA4PLVAWB5CLPBLUTG4KVSBWU36W3CIUNB6CVI46XCBPN2THGZW2L,0
GCDI2HCVX7V4ALE46RM5BIJT3OO4YBN24SKSH55JVA6VKKGVE54XOUEF,0
GB3SZURUJBEA5DG2LPEDFAYQSIVFTCL46QB6SRKUSACVI5HZ6PEA7PIY,0
GC24YEXNE2BF4YMZ65JILUMWGZQ4FNGBWIK22GEHZR6W4Z3MEODUBFBM,0
GAXDOVUWU7LPEXK23UQHZKEFB3RTFNKJOLRVKFGKFGS2SWV5XK3HR7TZ,0
GBRCSGNAIV7ZJSLXTNAWWCK37CCDL56A55IDQJKV5JBCEGYBDDJ3PDL7,0
GBZJD5WO3T44VZRMP22KEMFRYYB3ULZ7K25CJE3BEJHDD6AYZSQFIRNR,0
GBSFY64AR3T4WHHRXNR7VXE6LPC2ZKPONK2ZW6XRFW6BH6A7KXV7IU6V,0
GB25GHMU7FLZXAPF2XXTDRY4VBLPJ3643TZBOJFEYBSDD7HTTQXBU346,0
GCGLZ2GZZ2SM2SG7GDTAQBO5I57AT7DYX6UONZH7OEGR63ZZMACF3C33,0
GCAQPHUAZEO5OGZLOUF5OE2TEZYLHBW4LTA7T5DLGL4OHLR4R6FXSYE4,0
GCFHL6A264GXUOUW23DY2OFMU432WVHHSIYWCA2JYECVBSTBKYGPYSYD,0
GC4H7BJYV5O6FFNTZVXY2ARLCLLNFYA4G3PJQGZWT4K6DZOQNDOWMQ4N,0
GC3OSZZJCQECNYYG26SYP4GLDM72OPJE4237APWRKV4HJDHPISIK2EXS,0
GBPUOYJME53R22OUAYCYYZJH56U3HEIHV7WOGPJJHJKOMEUFFC6W6V5E,0
GB7UYQPAHM6FQ64K6S2AMGTQ7DOR2QQIHJV3GYTNCSJILMVFEAO2WJWK,0
GBTLS2JNHMJBXSBGXD3FI4SF5G57JUG7JXXLCZWLQEL4DCH7LTBIOJPI,0
GCRB7BR4LOUQF4EEXNX4BGGZLFXQKRE3RPQVWQLVG636464U5KVBLZHH,0
GBLM4LMOZ5KRECKZAHBNQILVZM5E6PCMLUU3MI7JWMZH5AXG4LLATKA2,0
GBZ23B4KU4747ABXMXE2RMDYNV3WMSBOR6DKWIY5YLRCIIGE7GTNPFVX,0
GBVFE24ACQJYCYAWB7O6YKTNCDCLG74DREGVHL2C5D65A2IL5WJ6GGB6,0
GBPO3UR56LVOJPRF5ZZG3DFJAW6HG2Y4PZULPDC6IBXXIH23VZDLKJQ2,0
GB3NBSSPEQDT35JPEFRFQ4K65QZ2QEILRIJVCY2JYOQ4GLOZX7UQWBR6,0
GC33RZNAGGKR54Y5XDAAZ36UPPMX5IM7IFS5WW2XLR22GV5IESASG3RT,0
GC6MUB3HY3F5747E27R6DINMUTD3OXTA24BHITZI3OY6SZJTPM3T7ILQ,0
GD5F3TO2PBK55KNDELNTBKZXQPYG4TUJXIGFDDFL2VEXMFDJWVJENYK4,0
GAG65537KDD4VUTVOS6NN67TZTZCBXPOOJUCHMGHN5HMLPUDSTE6HVMO,0
GC7LWLYPZ2PICTCJOUQ256QSW5Z4SMIYMREEK4ZF7EWR6Y34SRYUGBV2,0
GAG3YEAJJMMLVIPR2A3DKBGAWNVW64LOQE4SORVS4MY5FR2Q6YPJRWXD,0
GAPUCM6LLRL6MKQKV47T2GR6TLZ6GQUVOCO3I2SZ7BX2PKNJUM7G4TCT,0
GDMUXE5J2PFPMQDXKOVO6OSMAGA6G6ZNXCNAGOPOBJ5P77PHKBMK3GQI,0
GABAC2SIS5E73XHW6VMBX2WEOC77L6VTKIH52ZQEFPPLU36N2BZADDMZ,0
GCTYHTPKWD424S5OJPIL3LIKZIMGMBICW3OCFY4KLUPTUEGLCYNTQTNP,0
GAOFNQPCF5OF2R6UJO72MOSAMPOU7OCFGOZ4SAYG7VFS5DHNJOYP6N64,0
GBADF6RFAGLXDHWUHUI4WZFM6ITMINSVFDGHWE42NHTHL2THZUUJGH2R,0
GD6EPCJHA7EMXNWPD6W3NO3CYBEUM43XFACAYT7LMGR53QDUZZWF56HI,0
GARK3HQFKN426BAZ6Q7V22HDXSWFOIBCMJJFTOC3RZ2P3Q3P25A6TVPE,0
GC7PURPPGL5XGWSGZBHIDQ5EBYWNGWOR3VADRELHENOBU53PUM5ODXW4,0
GCZG72XR647OHBUBOMV4QZG5OADDOGQ643VTGAVF4GQZLCR7BQ6L6L7T,0
GBLQNZ7NCN6GVSVEBXQ7HG4JW4YSJUT6IGAOLSCXAZO45RROJ6UCPCSF,0
GCJPG64ZEJINFOAXLCA3TKUA2BTL25KNQMT2XOKBULCJF6WPGL64D7CF,0
GAIAVGYBVJOLXFC77T2KSB35VUZBW2XIZPYKCXAPHETZR44FRX6GNN2B,0
GAFJWD5RHK5U2YJU2QHUE6G62YO27CQAPUIBOXGBVBBO433DIFMI24GK,0
GCIIBNHUDCBBZTHNYVSLLN4INORE24WO4OQ56MDMOA3OOJ6U7GTLQNXE,0
GA2WLC7TJYBEGA3D5RB5BLJS5YCUNT6QXX4ZITCBGOOLHLSWPLKWST7T,0
GDGXEN2CYUHNMJCYJIGR5E5YDWUTBL2LSZ35RQW26R4A3VG4WJPTKFSY,0
GDUSNHAWVCD6MK6LTSWH6K3DDE3DU2OUTL6L5K3RQPECRBRFSBSJQEOO,0
GAKOF7SBTUORLILL6T7EX76Q7NFTREW3NMOZ7RQGMVA7FJ7ZZBJ2G2R5,0
GBIDDFSCDFL3IUXF53WLKDI2V4LSQIJRMQNOJE6YXL2N4LFV4ZNERATB,0
GAZS2VTC5MJ7EBGOLN73CB2KCJPHZI4W2AJIDEPTB57ERHZGBOITJVCK,0
GATE2VRHJH7CWILGV4THR6S6EYNVALDAFLMW2ICJ6AAL6AZ6NW4ZFKZT,0
GAHN5TVGLGZDFDNAVXLL6T4LMRMX5PMXRQ5VSZVFXDYFF5SMBTTFLQ5M,0
GCW5J2J5IPCLQ2XONFCUTKMSPOL6JTXKHJOSMMTYTA6GWXZGL5YCYFD2,0
GCQEOXZ5Q5DZ24A4CSL345LL6IM4NH6QH5OCY2QV2YVUVZSNALOG6PQP,0
GAEVCQXSRTMREAFERSVKBAUZYGWTAD3XVJB3WGWOKMASPS223MEPDFCE,0
GBGEMDAGCAGH4XUZW7UJZL34UAP56DB456D44B64I2NEXLXOWKD5IX4X,0
GA5TY6CO3CCZWY32BPA2I2SNJPQ5WJXI2AMSKBTOIDB3LE6BU4HBYMLQ,0
GAQ5KMTVOHZ7NZLBHTZMD2MYHWTAQ4M4HRIO75IWYJ6BVX3RIWMHPRRJ,0
GCQXZKWJU35F5VGG5JFBOLJMAP54DOBJVWVRLVAZOO3TAL3PQKOF5HQB,0
GAAPYM7WXIRYAB5BAPVFBIHGV36TK53JFJ6H2NJZJ6MUNR6YIBAJM6WN,0
GDHU27LAPKSXZOHBJU7LYBON7B73N7CAGO5A4RRURFAIBZB2ZYSSKRDC,0
GARGBZZB6KXNMNIJQNYHDCHHPSQYIMIYRTA7XYQEGX2OBILDXXSNDAU5,0
GAEWJ5PSXSB74CO35NKOROTD2VP5AOH3WQBKE3FGYB3VXGXYDVZIAB4M,0
GADQMOJ5664BQO4RHYOK66X2DBOFWC2CLER3ULO6JKJHZBYG6N6IJHRY,0
GADCCQ4W3DHU5YFD3DAUU5LVIKQ4FQX4A2YTDLXAULMZZLA5JAW42NWH,0
GARK7QCTRVRH4I7EIOH2WYORGFT3WHZJX2QDKO73Z6WGT47XHJC5QN5Z,0
GBE2W77DOBIEF43CLWUNNVIETNYJYBJCIBOABRWD5HC322J6Z2HKFXA4,0
GA2H5KREWHPTKUGRQZYWSUYUIKKP7ASXTQ5CE7T2KJWCAYCJO4O27XL2,0
GD6FK43YQRYK7QFJ34FDMDGDN3IVSXFFT6X6WGMGLE2F3GRLTDVSALO3,0
GBITJGOVJ5RX367G5DSCBJ6MA7T3ND23AOORWBYOUXE4WR7M3IYWX7DK,0
GAJF36ZI7OO36NYLHGGX6TE72GWWJ66OCPQPGYQZUUKGD7GRITI6JQSP,0
GB654BOIFZ4IAKHVI3YJS3X3C4PXEW4RA3ORYI7HJTHWXS4H7PCPCOFZ,0
GAAWJI3PKHIJUDROB7K5M3ARMAJV4E62QCD3YFRJ2KNJ33KW3IBIAOZC,0
GDKAJUMMZHIKYRNJZZMEHZBKAMVQUSPRCKPCMSHTVXAL4UMVSYE2LZSJ,0
GB3WTU6W6OY2S7PRDQZ6O46XRIYCEYK3SCWGGRDA7XJJFHSMJFG3R3ZB,0
GBIFEQSRDBAAKI5QXREXVFMQJCOM3ESVXD7X26TY2SW4L6ML77KA33AY,0
GD5FD3GLXM4J6F5Z5QJM2MN3KT6CWEAELOMUY2ND4CVMZFC4Y3CBUIQ2,0
GBMJXELEOGKTQGWNEDQQ5C6NW4MN3T5TAWLFWC7QXSO5TWRQU24K2DGK,0
GC5WZHJF7YOYZ3AMOAZEBJEPS54NWSDADCOCHMMCJ6YHJYJRO5MQF45S,0
GC3VIXMSPWMETMSHBKCEJZJDECSZTBCELW425VKOMOAEYWD7DQZHU4KP,0
GAV5GMPSEZS6T4YUQYF37ESPIAMDMXCNUNX43MEBS7VMBQVEPYIM4IQ4,0
GAN4CIBJHZWBXILII3LYXNNK5PEYPB7UW54FNU62JM4INNJQ66DFPWWG,0
GANAG6MM5D7P2H5H5II4VBVLHVAQ5JL2N56IWHODVLE4HSIJIM4WFJBS,0
GCA35DVJI7QUVGROFIXOBWHTVI7QILLBGMKSY3OBUAHJDCQWVHOMR4WY,0
GC7HXWDAIEDBS23NALBBHOW2R7Z4CFFROMWLYWA7I3WSSCZUVIXGAGUT,0
GCHCU355Q6IIAXGP4BLK444C2L7NDRO2UOJHXOOORY4BJALH6BN657IR,0
GDBCCVMTZAINTKZP4MXCGZKRV324ZMVGAISZ5GMBHWJXN2HX57YC7EOE,0
GAS3EY7NAREOJ4EFFOAX7CZSIO3JL5O5UD7LAVMDQLSMV3LMWBFDQAIA,0
GA2BSFTPY6NWQ2JOLW2NG6GQQJGPTGDP6JWW6CONS3EG7D32G7WHHMNG,0
GCQ6I7UCE3FLGGIR4MWMLUEEHGQ7HIVC7Z2SER54I4RIJFRVNG5KMD2T,0
GBOQWDKN5WGR3Z423HMPNDWOHTBCKVMGALTURAOBV5FWOEHW6AQ22AQD,0
GD4SUBMJDCZTZAZ3AED44UON3OPMLPJDUFS6OFRPBS22G7A4EAPOHPEJ,0
GDYXTTOPX3CORFKUC2H6VY26XOTQCHSSSLBEUTAGP6YKR6V2BUICPKTN,0
GD5YEXY5JPFRXXINVOBU22PMAMTXLZ3YDSJA7WQNWGWU4NC56WXG2VQR,0
GDP6NDPBNGRO2UAWJB367H346M2SSBVZ5PIDFVMXAFQ4RS4UXFGG2NAW,0
GAKALJNQYWUILJRPDCIPMAUCVLPAZMJDNRFC2XK73UH564TYXIOVFTA7,0
GDAR7YJ5C3LFAPRDNJGV3UMIVDMZSM7YOUDB6ATQLWAAKYHO4ICFLY3W,0
GCE6K7RD6IC2EN3MK47UYEBAI53XMLUGT7F3RVVLI2CT4E53O5P76V3U,0
GBOVS5NGVO5VHJQSM7HWULJNK74DBOSHBSE5RUNHIKSG34CCV7GHOAUL,0
GB2XPRQLIFKD3P32AZGPKDVWRQUHONQ5L63TQ7SW3QS7FRF4X7XCV2UJ,0
GDFQGFFA2TVXBIIFXFC3BY637JSQGEEWJTUFAGTRZ5XQ3Z6NTIBNDQQP,0
GAAHPPPFVFRER232VRA7532AEYR33ZP4KWOAN4CIBAHDJHHQI6CSXMZL,0
GACRBCNMJUJ2BZZY3LUP4XW5UPNYDWZBCKH3IE3KSVKCQ4DLWJP3WTPC,0
GB6J7PTMXBH33HI52PICA6SZCEWIAG57XZIWOSA62DD3XG7USWSIFM3J,0
GAQN5XX3EBLZCBOI3WGZ7NRH3SBB67FCQVTQDCZ73WLV3Y7MG36ISVTC,0
GBISLQBVSRJR5PKZCEC4RSHIP6WZEI7GIAL6MKCBHF75PS4PZ6YLLILP,0
GACDMTN6ZDXQAB5IDDNMV6PICOR7MZXYMGEKBUQMPWDMWW5LHKFA7EUR,0
GBDJFLFZTTRLLPVT6TU6VS2Z4MQ466J2GT3JLGBEJZMKJKGNUYWQHFBB,0
GDKE7YZKCOM52DBI2U5YQRFLMMUS7BNVWN5LRXGD6PWIBWTUQFPALENW,0
GD6UJYT4NRJ2GCKAKXS533XBHSB6ZHJTSVSN4WZ5OA6IQXDG7JOSMAQ3,0
GDYVGVHALFOPBS5Q6ZCSBESCONHLEFPIZL523TR26R46JDDBE7YITXRW,0
GBSYN2TWS5XTXWYPC6QY3O4ZNR2ABPOYZU3PAMBS4T7F5SVARET25DAZ,0
GDFUYIYN4U5WI2C3E7R4SU4B3OLX4XXZ4CE2EVP67DTW2I2I2PODL5K5,0
GCVMSCTT4DDQIVDEOLZIKMEPE4TLG6EHPOCSQYVNOD633Z7RBRV5PTMD,0
GA4P3DICTQGN6ZD4BCTOUXVATINI7QFHHBVLAVCDIUNA42LA4GCURVII,0
GDFLMUJEQQQUZPSR54XMX6HHTJBWVCZUB7T5A6ZPER55PRWJZ7RRRC7C,0
GDQMROAC4TBQCBMNADOOS3BN3JOBYMYJHSI3XKX7QLF2JE7NVQKOFQEF,0
GC3AHZG25IFSAUO4UWJU7VJ4STLUJQFDFWV2EQBGA656GYBVGL5LZDQ6,0
GD2CVLHTOVOYA4ZGOE76JRROHGHPHD4I6JWVDI6YYZHCBWZS3LEGD6IM,0
GCRTUBLIXXVOFB3O6OKLQJZ6FANEPTGX5IJUUNVZVKYNK6UU6YT2PQQ3,0
GAZ6ODHP4LYXD2XP2F2QUHX4XACVSMQH5UE56GHKBEBQM5QHKVT42FY2,0
GAKNHJU3EMQDTP2AJU4NJQ7PDGJNVEGYTNWBPLXSMZGISGY6UZZQWLFL,0
GBT6L3SYLHNTPQV7BFD2AK4RHTY467XAIYD2WXVKJM4V3A6PFX35BNAB,0
GC3N5SJZEZ6DUDBFSUMFMAY7MZB2ARAWO65XMHJ6JLUE3WHXIWYCOOPU,0
GB6XCMC2KYQVCLHDX5U4OM4OPPL2QON32NR27GFRNCQ2W6PVNUL2TWRH,0
GCZ3KKC76EOCPEOXADRHBSFU7PZPNPPAFSID7WPZKWHNYAB3QN6H73XM,0
GBXX767WKJQNEZ2TNHKCMDBYXJURXVNYZNAI5NE5OW6ZW7HDF3HB2LB6,0
GCDAF3DLOM3GZ22F7TC7MNZSX7AJPCZEWR2QXUN4UZU74J74PHDONL4E,0
GA27RTMS2DEOVLRIPN4IFKVGV2DRGGSYLYB65HT7JNVHK6FV6MP72RNZ,0
GBLFUYWWGJDZVMWA7DEFQGYSS3WIU47HBISYHOUSDT6H2HBWFQFEYM2P,0
GBOX5LJ246MQB7WOW6XHAR32N33GRO2DA46D34PP3GAEQELTGN76INCP,0
GBCJN26XXQFNQFL4ZJWCJE6QJ75ANRCXDF67KPNOMGI2II4KLYBJK4HN,0
GBYQBEO6PPJ4HFHI73RLW7DGQVESSLY67HS7UTZRWG3YZFOMEYAXO6CP,0
GAPKHB5SWF2ZRN3LFVL5WJ4MERM6T7EDZF3RQM7DMYTUJMVHUMLKX3QI,0
GANTXWIZTTDBVPAXTIR622NXYTLWPOR2376K47KANDDFMNNSPII6LSG6,0
GB7QC65BM55QVMRSCEGJW3OJNRAEEAEPNV2I4OUAMZ2ON7SSXXQPYIVB,0
GAWA6X5PPZQ3ZCKRMRFTXXILIAOSM2PE77ZY5GI74HIGURMQ2FPJ5Y55,0
GDLOEWWAJAFWP6DCT766SR7A6T47XXLECMU2CTCJ7J5UVP4QICTXN4WX,0
GCQIWVDOKYEX52CZASNFRTALQBETRR3QVZR3R3CK2BIFKKKGTWH3O5X6,0
GDQAL3KSLY5QUBKD4OJTOSWWDC6HTBI5CG2JSYHBMT7FDT5WLTPC52LW,0
GDVS76P7Z76ABVKGNRPK2I7D7WTTK3DZIG23X53S4LH76626ZKKNFHNL,0
GCOPGMBFY22HBFL27Z4WK77M6OYIZQS5PMSAZ47MO26KNIQKTHCJXUCI,0
GAHW6LXKQETBNY677E6KE5QQPEL76WPWYEGVINK4GPUH4Q66DBNG5PEM,0
GBKJOZLBPT22BI6PRO2XY5GZ3V2FSEPN7OV4FCF643Z4NFOMKQMQQ4N5,0
GDB7M2H6QMTU6UEHNUPIW4WNNIPA7KPQIHMKZL2APHVZTSLVRBXSF7BJ,0
GDMDC2EL2MLMB5ZC27PJR6RAOVVNWQG5IVQ63Z2EH7J4ADGTCSWNHWJK,0
GAA224GVXYZUAIPZ5ZWNONKGTDS5R62KDY63ABXF3NJROR3SHBDBXCUC,0
GA2FP5ATXBCMD3YZMQ6X5YZQQ2YWYMXOSJUK2WOA62DRT5QCZNYWR6X5,0
GB4TE5IPGGMR24FCP2MYOS5X4QSRIAA2NG6QCCXJYCRAN7DYL26ACY6S,0
GCT3H7ENR5OQ5L5MHNRW4ZLNI75MJBK7L4CGBWRMTY4EVQC3KDHCBJ7C,0
GCPWHHUU32NTNU5FD5Q5PE37CS7TSYDXDSF3EJEMNHUXJ3FIK6NRZKV5,0
GB3UGQK36ACGQGM3DVDZGUTDEVY5EDZUSS2FM3DBQNMH7VPY5RN7YRO2,0
GBAWWZWS6CPUZ5346P5UW3IHXL7Y6L76JOXOL7UY3B7T2HKWCDPWZP24,0
GAMEHKSMVAPR3Q3K3PIFZ7V4LG2P2NHBUV7QLXNB4PBVLJRAKCZVLPTP,0
GBM77XHPMTRGSCC4S5FUJURHAN2SVU3KNCMSIKC7DZBSD6L5BYH222O6,0
GBQ5XAD2FOIGKENA7UGTBYH5H5LFXJ54KYR4L2MF4OCSFLAKFUJXIRJG,0
GANLDHFJNUAWZ5OXCHSCTIY7GNMS7KTJZ3LPCVAI6YDQTKMCEVRNJYGI,0
GBDXFHDSMH7YESD6XANPRI67RPYPUNRBXULZSMV36UMSUQ26XQYX7T24,0
GAOH2U5NO6KTU3D6UWQ7WBNCOEFUZHYXOBSJLX7JTUWN4PKFR7KON46H,0
GAIPBL6RDOM7EDUCKYNJ76PV5N2XT6D2SOE3GPXJHQU6DXKK2HJZYA7U,0
GD53CX2OWV3WYXHDR2JEJT3U6HZQIU3ETBUWJT5ENKEC7GUJ7ULGBRNM,0
GAWZKYSCPKQHUK4WJNBD3VZGQVFQLVE2KTPW5S37B23BHMCYTICKCWDV,0
GDCYYWLJA2W7X3XSAWXYOR5MDNBAHQTD2HHKJB5ABC7OVEGTTB66BDGN,0
GD6SWVNZ3XXFP2VQDVWUZJS76AIMAPYJRUUP5VZIO2M5XL5L2K34IW4U,0
GD26BXQMFVP4MNOMQVR7W5BYYMN2BI5QP2KHCE27U4UBD2DVM4G2JT6P,0
GAUGVN4765JICVSWVTBJOJFJ4CVUIB5OJEFWHYXNZALHWXBXXSC5KJT2,0
